{"cameraMode":{"drawMode":0,"name":"Shaded","section":"Shading Mode"},"sceneLighting":false,"audioPlay":false,"sceneViewState":{"showFog":true,"showMaterialUpdate":true,"showSkybox":true,"showFlares":true,"showImageEffects":true,"showParticleSystems":true},"in2DMode":false,"pivot":{"x":0.0,"y":0.013333320617675782,"z":1.9800000190734864},"rotation":{"x":0.2963506281375885,"y":0.6856788992881775,"z":-0.366172730922699,"w":0.5549312829971314},"size":2.0624988079071047,"orthographic":false}